{
  "config": {
    "configFile": "/Users/pavan/playwrightAutomation/playwright.config.js",
    "rootDir": "/Users/pavan/playwrightAutomation/tests",
    "forbidOnly": false,
    "fullyParallel": true,
    "globalSetup": null,
    "globalTeardown": null,
    "globalTimeout": 0,
    "grep": {},
    "grepInvert": null,
    "maxFailures": 0,
    "metadata": {},
    "preserveOutput": "always",
    "reporter": [
      [
        "list",
        null
      ],
      [
        "html",
        null
      ],
      [
        "junit",
        {
          "outputFile": "results.xml"
        }
      ],
      [
        "json",
        {
          "outputFile": "results.json"
        }
      ]
    ],
    "reportSlowTests": {
      "max": 5,
      "threshold": 15000
    },
    "quiet": false,
    "projects": [
      {
        "outputDir": "/Users/pavan/playwrightAutomation/test-results",
        "repeatEach": 1,
        "retries": 0,
        "id": "chromium",
        "name": "chromium",
        "testDir": "/Users/pavan/playwrightAutomation/tests",
        "testIgnore": [],
        "testMatch": [
          "**/*.@(spec|test).?(c|m)[jt]s?(x)"
        ],
        "timeout": 30000
      }
    ],
    "shard": null,
    "updateSnapshots": "missing",
    "version": "1.34.2",
    "workers": 3,
    "webServer": null
  },
  "suites": [
    {
      "title": "Reporters.spec.js",
      "file": "Reporters.spec.js",
      "column": 0,
      "line": 0,
      "specs": [
        {
          "title": "Test1",
          "ok": true,
          "tags": [],
          "tests": [
            {
              "timeout": 30000,
              "annotations": [],
              "expectedStatus": "passed",
              "projectId": "chromium",
              "projectName": "chromium",
              "results": [
                {
                  "workerIndex": 0,
                  "status": "passed",
                  "duration": 1209,
                  "errors": [],
                  "stdout": [],
                  "stderr": [],
                  "retry": 0,
                  "startTime": "2023-07-26T06:13:02.184Z",
                  "attachments": []
                }
              ],
              "status": "expected"
            }
          ],
          "id": "399bcd1299f62012f68d-95434237692cbd161c3b",
          "file": "Reporters.spec.js",
          "line": 3,
          "column": 1
        },
        {
          "title": "Test2",
          "ok": true,
          "tags": [],
          "tests": [
            {
              "timeout": 30000,
              "annotations": [],
              "expectedStatus": "passed",
              "projectId": "chromium",
              "projectName": "chromium",
              "results": [
                {
                  "workerIndex": 1,
                  "status": "passed",
                  "duration": 1269,
                  "errors": [],
                  "stdout": [],
                  "stderr": [],
                  "retry": 0,
                  "startTime": "2023-07-26T06:13:02.184Z",
                  "attachments": []
                }
              ],
              "status": "expected"
            }
          ],
          "id": "399bcd1299f62012f68d-064de90a5d2bda0e3e44",
          "file": "Reporters.spec.js",
          "line": 8,
          "column": 1
        },
        {
          "title": "Test3",
          "ok": true,
          "tags": [],
          "tests": [
            {
              "timeout": 30000,
              "annotations": [],
              "expectedStatus": "passed",
              "projectId": "chromium",
              "projectName": "chromium",
              "results": [
                {
                  "workerIndex": 2,
                  "status": "passed",
                  "duration": 1458,
                  "errors": [],
                  "stdout": [],
                  "stderr": [],
                  "retry": 0,
                  "startTime": "2023-07-26T06:13:02.184Z",
                  "attachments": []
                }
              ],
              "status": "expected"
            }
          ],
          "id": "399bcd1299f62012f68d-6ef640acef5b31d772c8",
          "file": "Reporters.spec.js",
          "line": 14,
          "column": 1
        }
      ]
    }
  ],
  "errors": []
}